{
  "endpoint": "127.0.0.1:3034",
  "text_len": 361,
  "stride": 4,
  "codec_context": 64,
  "holdback": 0,
  "start_buffer_ms": 0,
  "low_latency": true,
  "sample_rate_hz": 44100,
  "warmup_runs": 1,
  "measured_runs": 3,
  "candidate_models": [
    {
      "filename": "s2-pro-q4_k_m.gguf",
      "quant_label": "Q4_K_M",
      "sha256": "83963e1b7cec980b41eb2163d617e2b6241bfd1564dd880e5b43fc4834807bd9",
      "size_bytes": 3566165088,
      "exists": true
    }
  ],
  "summaries": [
    {
      "quant": "Q4_K_M",
      "model_filename": "s2-pro-q4_k_m.gguf",
      "model_sha256": "83963e1b7cec980b41eb2163d617e2b6241bfd1564dd880e5b43fc4834807bd9",
      "model_size_bytes": 3566165088,
      "avg_rtf": 1.759848872671703,
      "min_rtf": 1.757233069805597,
      "max_rtf": 1.761334995145912,
      "avg_first_pcm_ms": 244.81098466397574,
      "avg_total_ms": 38221.71498899115,
      "runs": [
        {
          "run": 1,
          "run_type": "measured",
          "status": "success",
          "rtf": 1.7609785530636006,
          "time_to_headers_ms": 1.3893749855924398,
          "time_to_first_pcm_ms": 244.3405849917326,
          "total_wall_ms": 38191.11255797907,
          "pcm_bytes": 1912832,
          "audio_duration_ms": 21687.437641723358,
          "error": "",
          "pcm_path": "/mnt/user/appdata/hermes-agent/webui-workspace/wyoming-s2cpp-tts/verification_artifacts/q4_runtime_tuning/20260710_074118/context_64/quant_q4km_run1/quant_q4km_run1.pcm",
          "backend_metrics": null
        },
        {
          "run": 2,
          "run_type": "measured",
          "status": "success",
          "rtf": 1.757233069805597,
          "time_to_headers_ms": 1.1254200071562082,
          "time_to_first_pcm_ms": 248.23130399454385,
          "total_wall_ms": 37375.43092400301,
          "pcm_bytes": 1875968,
          "audio_duration_ms": 21269.478458049885,
          "error": "",
          "pcm_path": "/mnt/user/appdata/hermes-agent/webui-workspace/wyoming-s2cpp-tts/verification_artifacts/q4_runtime_tuning/20260710_074118/context_64/quant_q4km_run2/quant_q4km_run2.pcm",
          "backend_metrics": null
        },
        {
          "run": 3,
          "run_type": "measured",
          "status": "success",
          "rtf": 1.761334995145912,
          "time_to_headers_ms": 1.3050819979980588,
          "time_to_first_pcm_ms": 241.86106500565074,
          "total_wall_ms": 39098.60148499138,
          "pcm_bytes": 1957888,
          "audio_duration_ms": 22198.27664399093,
          "error": "",
          "pcm_path": "/mnt/user/appdata/hermes-agent/webui-workspace/wyoming-s2cpp-tts/verification_artifacts/q4_runtime_tuning/20260710_074118/context_64/quant_q4km_run3/quant_q4km_run3.pcm",
          "backend_metrics": null
        }
      ]
    }
  ]
}