{
  "endpoint": "127.0.0.1:3034",
  "text_len": 361,
  "stride": 4,
  "codec_context": 12,
  "holdback": 0,
  "start_buffer_ms": 0,
  "low_latency": true,
  "sample_rate_hz": 44100,
  "warmup_runs": 1,
  "measured_runs": 1,
  "candidate_models": [
    {
      "filename": "s2-pro-q4_k_m.gguf",
      "quant_label": "Q4_K_M",
      "sha256": "83963e1b7cec980b41eb2163d617e2b6241bfd1564dd880e5b43fc4834807bd9",
      "size_bytes": 3566165088,
      "exists": true
    }
  ],
  "summaries": [
    {
      "quant": "Q4_K_M",
      "model_filename": "s2-pro-q4_k_m.gguf",
      "model_sha256": "83963e1b7cec980b41eb2163d617e2b6241bfd1564dd880e5b43fc4834807bd9",
      "model_size_bytes": 3566165088,
      "avg_rtf": 1.1077203177274042,
      "min_rtf": 1.1077203177274042,
      "max_rtf": 1.1077203177274042,
      "avg_first_pcm_ms": 246.287793997908,
      "avg_total_ms": 24538.039626000682,
      "runs": [
        {
          "run": 1,
          "run_type": "measured",
          "status": "success",
          "rtf": 1.1077203177274042,
          "time_to_headers_ms": 1.5035679971333593,
          "time_to_first_pcm_ms": 246.287793997908,
          "total_wall_ms": 24538.039626000682,
          "pcm_bytes": 1953792,
          "audio_duration_ms": 22151.836734693876,
          "error": "",
          "pcm_path": "verification_artifacts/q4_runtime_tuning/20260710_074118/context_12/quant_q4km_run1/quant_q4km_run1.pcm",
          "backend_metrics": null
        }
      ]
    }
  ]
}