{
  "q6_k": {
    "label": "q6_k",
    "success": 3,
    "rtf_mean": 1.1207157696904986,
    "rtf_median": 1.119131545396984,
    "rtf_min": 1.1173122979202283,
    "rtf_max": 1.1257034657542837,
    "first_pcm_mean": 247.4554886769814,
    "first_pcm_median": 239.57032701582648,
    "total_wall_mean": 23439.260989340255,
    "model_sha": "84ac904172a2cadb84e8f7f14ea3f1acef0584987635e85f7207fd254eafa235",
    "model_size": "4525266528",
    "backend_metrics_available": false,
    "backend_metrics": {}
  },
  "q5_k_m": {
    "label": "q5_k_m",
    "success": 3,
    "rtf_mean": 1.0722267328825856,
    "rtf_median": 1.0749921473394153,
    "rtf_min": 1.0660002149838568,
    "rtf_max": 1.0756878363244848,
    "first_pcm_mean": 234.35513232834637,
    "first_pcm_median": 234.96232999605127,
    "total_wall_mean": 23754.799969668966,
    "model_sha": "e445b0c8f32ed0ff584b906098f0fe53a67c0691249bfcccde569544f7d72cb9",
    "model_size": "4031183968",
    "backend_metrics_available": false,
    "backend_metrics": {}
  },
  "q4_k_m": {
    "label": "q4_k_m",
    "success": 3,
    "rtf_mean": 1.014742068373401,
    "rtf_median": 1.0146328651302656,
    "rtf_min": 1.0132468511786614,
    "rtf_max": 1.0163464888112754,
    "first_pcm_mean": 219.15985466330312,
    "first_pcm_median": 219.03683498385362,
    "total_wall_mean": 22305.480261323584,
    "model_sha": "83963e1b7cec980b41eb2163d617e2b6241bfd1564dd880e5b43fc4834807bd9",
    "model_size": "3566165088",
    "backend_metrics_available": false,
    "backend_metrics": {}
  }
}