{
  "endpoint": "127.0.0.1:3034",
  "text_len": 361,
  "stride": 4,
  "codec_context": 4,
  "holdback": 0,
  "start_buffer_ms": 0,
  "low_latency": true,
  "sample_rate_hz": 44100,
  "warmup_runs": 1,
  "measured_runs": 3,
  "candidate_models": [
    {
      "filename": "s2-pro-q4_k_m.gguf",
      "quant_label": "Q4_K_M",
      "sha256": "83963e1b7cec980b41eb2163d617e2b6241bfd1564dd880e5b43fc4834807bd9",
      "size_bytes": 3566165088,
      "exists": true
    }
  ],
  "summaries": [
    {
      "quant": "Q4_K_M",
      "model_filename": "s2-pro-q4_k_m.gguf",
      "model_sha256": "83963e1b7cec980b41eb2163d617e2b6241bfd1564dd880e5b43fc4834807bd9",
      "model_size_bytes": 3566165088,
      "avg_rtf": 1.0035314812332918,
      "min_rtf": 0.9973111772625864,
      "max_rtf": 1.013484709150688,
      "avg_first_pcm_ms": 225.81155000564954,
      "avg_total_ms": 20732.642748005066,
      "runs": [
        {
          "run": 1,
          "run_type": "measured",
          "status": "success",
          "rtf": 0.9997985572866012,
          "time_to_headers_ms": 0.9981790208257735,
          "time_to_first_pcm_ms": 231.2139450223185,
          "total_wall_ms": 20150.8605730196,
          "pcm_bytes": 1777664,
          "audio_duration_ms": 20154.920634920636,
          "error": "",
          "pcm_path": "/mnt/user/appdata/hermes-agent/webui-workspace/wyoming-s2cpp-tts/verification_artifacts/q4_runtime_tuning/20260710_064041/threads_0/quant_q4km_run1/quant_q4km_run1.pcm",
          "backend_metrics": null
        },
        {
          "run": 2,
          "run_type": "measured",
          "status": "success",
          "rtf": 1.013484709150688,
          "time_to_headers_ms": 1.0073620069306344,
          "time_to_first_pcm_ms": 214.2104629892856,
          "total_wall_ms": 22780.0107759831,
          "pcm_bytes": 1982464,
          "audio_duration_ms": 22476.91609977324,
          "error": "",
          "pcm_path": "/mnt/user/appdata/hermes-agent/webui-workspace/wyoming-s2cpp-tts/verification_artifacts/q4_runtime_tuning/20260710_064041/threads_0/quant_q4km_run2/quant_q4km_run2.pcm",
          "backend_metrics": null
        },
        {
          "run": 3,
          "run_type": "measured",
          "status": "success",
          "rtf": 0.9973111772625864,
          "time_to_headers_ms": 3.4933740098495036,
          "time_to_first_pcm_ms": 232.01024200534448,
          "total_wall_ms": 19267.0568950125,
          "pcm_bytes": 1703936,
          "audio_duration_ms": 19319.0022675737,
          "error": "",
          "pcm_path": "/mnt/user/appdata/hermes-agent/webui-workspace/wyoming-s2cpp-tts/verification_artifacts/q4_runtime_tuning/20260710_064041/threads_0/quant_q4km_run3/quant_q4km_run3.pcm",
          "backend_metrics": null
        }
      ]
    }
  ]
}