{
  "endpoint": "127.0.0.1:3033",
  "text_len": 361,
  "stride": 4,
  "codec_context": 4,
  "holdback": 0,
  "start_buffer_ms": 0,
  "low_latency": true,
  "sample_rate_hz": 44100,
  "warmup_runs": 1,
  "measured_runs": 3,
  "candidate_models": [
    {
      "filename": "s2-pro-q6_k.gguf",
      "quant_label": "Q6_K",
      "sha256": "84ac904172a2cadb84e8f7f14ea3f1acef0584987635e85f7207fd254eafa235",
      "size_bytes": 4525266528,
      "exists": true
    }
  ],
  "summaries": [
    {
      "quant": "Q6_K",
      "model_filename": "s2-pro-q6_k.gguf",
      "model_sha256": "84ac904172a2cadb84e8f7f14ea3f1acef0584987635e85f7207fd254eafa235",
      "model_size_bytes": 4525266528,
      "avg_rtf": 1.1207157696904986,
      "min_rtf": 1.1173122979202283,
      "max_rtf": 1.1257034657542837,
      "avg_first_pcm_ms": 247.4554886769814,
      "avg_total_ms": 23439.260989340255,
      "runs": [
        {
          "run": 1,
          "run_type": "measured",
          "status": "success",
          "rtf": 1.1173122979202283,
          "time_to_headers_ms": 9.232545999111608,
          "time_to_first_pcm_ms": 239.57032701582648,
          "total_wall_ms": 22519.340689003002,
          "pcm_bytes": 1777664,
          "audio_duration_ms": 20154.920634920636,
          "error": "",
          "pcm_path": "/mnt/user/appdata/hermes-agent/webui-workspace/wyoming-s2cpp-tts/verification_artifacts/quant_benchmark/20260710_050806/q6_k/quant_q6k_run1/quant_q6k_run1.pcm",
          "backend_metrics": null
        },
        {
          "run": 2,
          "run_type": "measured",
          "status": "success",
          "rtf": 1.1257034657542837,
          "time_to_headers_ms": 1.1072120105382055,
          "time_to_first_pcm_ms": 238.47288501565345,
          "total_wall_ms": 23943.125615012832,
          "pcm_bytes": 1875968,
          "audio_duration_ms": 21269.478458049885,
          "error": "",
          "pcm_path": "/mnt/user/appdata/hermes-agent/webui-workspace/wyoming-s2cpp-tts/verification_artifacts/quant_benchmark/20260710_050806/q6_k/quant_q6k_run2/quant_q6k_run2.pcm",
          "backend_metrics": null
        },
        {
          "run": 3,
          "run_type": "measured",
          "status": "success",
          "rtf": 1.119131545396984,
          "time_to_headers_ms": 1.1774520098697394,
          "time_to_first_pcm_ms": 264.3232539994642,
          "total_wall_ms": 23855.31666400493,
          "pcm_bytes": 1880064,
          "audio_duration_ms": 21315.918367346938,
          "error": "",
          "pcm_path": "/mnt/user/appdata/hermes-agent/webui-workspace/wyoming-s2cpp-tts/verification_artifacts/quant_benchmark/20260710_050806/q6_k/quant_q6k_run3/quant_q6k_run3.pcm",
          "backend_metrics": null
        }
      ]
    }
  ]
}