{
  "endpoint": "127.0.0.1:3034",
  "text_len": 361,
  "stride": 4,
  "codec_context": 64,
  "holdback": 0,
  "start_buffer_ms": 0,
  "low_latency": true,
  "sample_rate_hz": 44100,
  "warmup_runs": 1,
  "measured_runs": 3,
  "candidate_models": [
    {
      "filename": "s2-pro-q4_k_m.gguf",
      "quant_label": "Q4_K_M",
      "sha256": "83963e1b7cec980b41eb2163d617e2b6241bfd1564dd880e5b43fc4834807bd9",
      "size_bytes": 3566165088,
      "exists": true
    }
  ],
  "summaries": [
    {
      "quant": "Q4_K_M",
      "model_filename": "s2-pro-q4_k_m.gguf",
      "model_sha256": "83963e1b7cec980b41eb2163d617e2b6241bfd1564dd880e5b43fc4834807bd9",
      "model_size_bytes": 3566165088,
      "avg_rtf": 1.7106922127785609,
      "min_rtf": 1.7041731100246524,
      "max_rtf": 1.7145741690084448,
      "avg_first_pcm_ms": 210.96441598880725,
      "avg_total_ms": 36865.529010993974,
      "runs": [
        {
          "run": 1,
          "run_type": "measured",
          "status": "success",
          "rtf": 1.7145741690084448,
          "time_to_headers_ms": 1.2705299886874855,
          "time_to_first_pcm_ms": 206.2256879871711,
          "total_wall_ms": 36069.9750079948,
          "pcm_bytes": 1855488,
          "audio_duration_ms": 21037.278911564626,
          "error": "",
          "pcm_path": "/mnt/user/appdata/hermes-agent/webui-workspace/wyoming-s2cpp-tts/verification_artifacts/q4_runtime_tuning/20260710_065510/blip_ctx64_hb0/quant_q4km_run1/quant_q4km_run1.pcm",
          "backend_metrics": null
        },
        {
          "run": 2,
          "run_type": "measured",
          "status": "success",
          "rtf": 1.7133293593025856,
          "time_to_headers_ms": 1.1318089964333922,
          "time_to_first_pcm_ms": 211.09163798973896,
          "total_wall_ms": 39783.430020994274,
          "pcm_bytes": 2048000,
          "audio_duration_ms": 23219.954648526076,
          "error": "",
          "pcm_path": "/mnt/user/appdata/hermes-agent/webui-workspace/wyoming-s2cpp-tts/verification_artifacts/q4_runtime_tuning/20260710_065510/blip_ctx64_hb0/quant_q4km_run2/quant_q4km_run2.pcm",
          "backend_metrics": null
        },
        {
          "run": 3,
          "run_type": "measured",
          "status": "success",
          "rtf": 1.7041731100246524,
          "time_to_headers_ms": 1.5266539994627237,
          "time_to_first_pcm_ms": 215.5759219895117,
          "total_wall_ms": 34743.18200399284,
          "pcm_bytes": 1798144,
          "audio_duration_ms": 20387.120181405895,
          "error": "",
          "pcm_path": "/mnt/user/appdata/hermes-agent/webui-workspace/wyoming-s2cpp-tts/verification_artifacts/q4_runtime_tuning/20260710_065510/blip_ctx64_hb0/quant_q4km_run3/quant_q4km_run3.pcm",
          "backend_metrics": null
        }
      ]
    }
  ]
}