{
  "endpoint": "127.0.0.1:3034",
  "text_len": 361,
  "stride": 4,
  "codec_context": 4,
  "holdback": 0,
  "start_buffer_ms": 0,
  "low_latency": true,
  "sample_rate_hz": 44100,
  "warmup_runs": 1,
  "measured_runs": 3,
  "candidate_models": [
    {
      "filename": "s2-pro-q4_k_m.gguf",
      "quant_label": "Q4_K_M",
      "sha256": "83963e1b7cec980b41eb2163d617e2b6241bfd1564dd880e5b43fc4834807bd9",
      "size_bytes": 3566165088,
      "exists": true
    }
  ],
  "summaries": [
    {
      "quant": "Q4_K_M",
      "model_filename": "s2-pro-q4_k_m.gguf",
      "model_sha256": "83963e1b7cec980b41eb2163d617e2b6241bfd1564dd880e5b43fc4834807bd9",
      "model_size_bytes": 3566165088,
      "avg_rtf": 0.9879138675925404,
      "min_rtf": 0.9816103624990958,
      "max_rtf": 0.9913349740693976,
      "avg_first_pcm_ms": 218.64762033025423,
      "avg_total_ms": 20785.42859166434,
      "runs": [
        {
          "run": 1,
          "run_type": "measured",
          "status": "success",
          "rtf": 0.9907962662091276,
          "time_to_headers_ms": 1.0728119814302772,
          "time_to_first_pcm_ms": 219.49542299262248,
          "total_wall_ms": 21671.882194001228,
          "pcm_bytes": 1929216,
          "audio_duration_ms": 21873.197278911564,
          "error": "",
          "pcm_path": "/mnt/user/appdata/hermes-agent/webui-workspace/wyoming-s2cpp-tts/verification_artifacts/q4_runtime_tuning/20260710_064041/threads_24/quant_q4km_run1/quant_q4km_run1.pcm",
          "backend_metrics": null
        },
        {
          "run": 2,
          "run_type": "measured",
          "status": "success",
          "rtf": 0.9913349740693976,
          "time_to_headers_ms": 1.2098470178898424,
          "time_to_first_pcm_ms": 220.93872699770145,
          "total_wall_ms": 20808.952838007826,
          "pcm_bytes": 1851392,
          "audio_duration_ms": 20990.839002267574,
          "error": "",
          "pcm_path": "/mnt/user/appdata/hermes-agent/webui-workspace/wyoming-s2cpp-tts/verification_artifacts/q4_runtime_tuning/20260710_064041/threads_24/quant_q4km_run2/quant_q4km_run2.pcm",
          "backend_metrics": null
        },
        {
          "run": 3,
          "run_type": "measured",
          "status": "success",
          "rtf": 0.9816103624990958,
          "time_to_headers_ms": 0.9972149855457246,
          "time_to_first_pcm_ms": 215.50871100043878,
          "total_wall_ms": 19875.450742983958,
          "pcm_bytes": 1785856,
          "audio_duration_ms": 20247.800453514737,
          "error": "",
          "pcm_path": "/mnt/user/appdata/hermes-agent/webui-workspace/wyoming-s2cpp-tts/verification_artifacts/q4_runtime_tuning/20260710_064041/threads_24/quant_q4km_run3/quant_q4km_run3.pcm",
          "backend_metrics": null
        }
      ]
    }
  ]
}