{
  "endpoint": "127.0.0.1:3033",
  "text_len": 361,
  "stride": 4,
  "codec_context": 4,
  "holdback": 0,
  "start_buffer_ms": 0,
  "low_latency": true,
  "sample_rate_hz": 44100,
  "warmup_runs": 1,
  "measured_runs": 3,
  "candidate_models": [
    {
      "filename": "s2-pro-q4_k_m.gguf",
      "quant_label": "Q4_K_M",
      "sha256": "83963e1b7cec980b41eb2163d617e2b6241bfd1564dd880e5b43fc4834807bd9",
      "size_bytes": 3566165088,
      "exists": true
    }
  ],
  "summaries": [
    {
      "quant": "Q4_K_M",
      "model_filename": "s2-pro-q4_k_m.gguf",
      "model_sha256": "83963e1b7cec980b41eb2163d617e2b6241bfd1564dd880e5b43fc4834807bd9",
      "model_size_bytes": 3566165088,
      "avg_rtf": 1.014742068373401,
      "min_rtf": 1.0132468511786614,
      "max_rtf": 1.0163464888112754,
      "avg_first_pcm_ms": 219.15985466330312,
      "avg_total_ms": 22305.480261323584,
      "runs": [
        {
          "run": 1,
          "run_type": "measured",
          "status": "success",
          "rtf": 1.0163464888112754,
          "time_to_headers_ms": 1.323409000178799,
          "time_to_first_pcm_ms": 213.64727601758204,
          "total_wall_ms": 22325.14533100766,
          "pcm_bytes": 1937408,
          "audio_duration_ms": 21966.07709750567,
          "error": "",
          "pcm_path": "/mnt/user/appdata/hermes-agent/webui-workspace/wyoming-s2cpp-tts/verification_artifacts/quant_benchmark/20260710_050806/q4_k_m/quant_q4km_run1/quant_q4km_run1.pcm",
          "backend_metrics": null
        },
        {
          "run": 2,
          "run_type": "measured",
          "status": "success",
          "rtf": 1.0132468511786614,
          "time_to_headers_ms": 1.160710002295673,
          "time_to_first_pcm_ms": 219.03683498385362,
          "total_wall_ms": 22539.389002980897,
          "pcm_bytes": 1961984,
          "audio_duration_ms": 22244.716553287984,
          "error": "",
          "pcm_path": "/mnt/user/appdata/hermes-agent/webui-workspace/wyoming-s2cpp-tts/verification_artifacts/quant_benchmark/20260710_050806/q4_k_m/quant_q4km_run2/quant_q4km_run2.pcm",
          "backend_metrics": null
        },
        {
          "run": 3,
          "run_type": "measured",
          "status": "success",
          "rtf": 1.0146328651302656,
          "time_to_headers_ms": 1.1507199960760772,
          "time_to_first_pcm_ms": 224.7954529884737,
          "total_wall_ms": 22051.906449982198,
          "pcm_bytes": 1916928,
          "audio_duration_ms": 21733.87755102041,
          "error": "",
          "pcm_path": "/mnt/user/appdata/hermes-agent/webui-workspace/wyoming-s2cpp-tts/verification_artifacts/quant_benchmark/20260710_050806/q4_k_m/quant_q4km_run3/quant_q4km_run3.pcm",
          "backend_metrics": null
        }
      ]
    }
  ]
}