{
  "sections": {
    "blipping": [
      {
        "label": "blip_ctx4_hb0",
        "success": 3,
        "rtf_mean": 0.9536838685651015,
        "rtf_median": 0.953617267894481,
        "rtf_min": 0.9534907892889705,
        "rtf_max": 0.953943548511853,
        "first_pcm_mean": 210.9931529945849
      },
      {
        "label": "blip_ctx64_hb0",
        "success": 3,
        "rtf_mean": 1.7106922127785609,
        "rtf_median": 1.7133293593025856,
        "rtf_min": 1.7041731100246524,
        "rtf_max": 1.7145741690084448,
        "first_pcm_mean": 210.96441598880725
      },
      {
        "label": "blip_ctx64_hb1",
        "success": 3,
        "rtf_mean": 1.7280357500207657,
        "rtf_median": 1.7268542357572694,
        "rtf_min": 1.7241349474912004,
        "rtf_max": 1.733118066813827,
        "first_pcm_mean": 210.23873298933418
      }
    ]
  }
}