{
  "endpoint": "127.0.0.1:3034",
  "text_len": 361,
  "stride": 4,
  "codec_context": 16,
  "holdback": 0,
  "start_buffer_ms": 0,
  "low_latency": true,
  "sample_rate_hz": 44100,
  "warmup_runs": 1,
  "measured_runs": 1,
  "candidate_models": [
    {
      "filename": "s2-pro-q4_k_m.gguf",
      "quant_label": "Q4_K_M",
      "sha256": "83963e1b7cec980b41eb2163d617e2b6241bfd1564dd880e5b43fc4834807bd9",
      "size_bytes": 3566165088,
      "exists": true
    }
  ],
  "summaries": [
    {
      "quant": "Q4_K_M",
      "model_filename": "s2-pro-q4_k_m.gguf",
      "model_sha256": "83963e1b7cec980b41eb2163d617e2b6241bfd1564dd880e5b43fc4834807bd9",
      "model_size_bytes": 3566165088,
      "avg_rtf": 1.1660153458500384,
      "min_rtf": 1.1660153458500384,
      "max_rtf": 1.1660153458500384,
      "avg_first_pcm_ms": 251.66219999664463,
      "avg_total_ms": 26045.980159018654,
      "runs": [
        {
          "run": 1,
          "run_type": "measured",
          "status": "success",
          "rtf": 1.1660153458500384,
          "time_to_headers_ms": 1.5345000138040632,
          "time_to_first_pcm_ms": 251.66219999664463,
          "total_wall_ms": 26045.980159018654,
          "pcm_bytes": 1970176,
          "audio_duration_ms": 22337.596371882086,
          "error": "",
          "pcm_path": "verification_artifacts/q4_runtime_tuning/20260710_074118/context_16/quant_q4km_run1/quant_q4km_run1.pcm",
          "backend_metrics": null
        }
      ]
    }
  ]
}