{
  "endpoint": "127.0.0.1:3034",
  "text_len": 361,
  "stride": 4,
  "codec_context": 4,
  "holdback": 0,
  "start_buffer_ms": 0,
  "low_latency": true,
  "sample_rate_hz": 44100,
  "warmup_runs": 1,
  "measured_runs": 3,
  "candidate_models": [
    {
      "filename": "s2-pro-q4_k_m.gguf",
      "quant_label": "Q4_K_M",
      "sha256": "83963e1b7cec980b41eb2163d617e2b6241bfd1564dd880e5b43fc4834807bd9",
      "size_bytes": 3566165088,
      "exists": true
    }
  ],
  "summaries": [
    {
      "quant": "Q4_K_M",
      "model_filename": "s2-pro-q4_k_m.gguf",
      "model_sha256": "83963e1b7cec980b41eb2163d617e2b6241bfd1564dd880e5b43fc4834807bd9",
      "model_size_bytes": 3566165088,
      "avg_rtf": 0.9544710130215801,
      "min_rtf": 0.9492541145933883,
      "max_rtf": 0.9618178633857666,
      "avg_first_pcm_ms": 207.57043766207062,
      "avg_total_ms": 20634.545767670108,
      "runs": [
        {
          "run": 1,
          "run_type": "measured",
          "status": "success",
          "rtf": 0.9492541145933883,
          "time_to_headers_ms": 1.4532339992001653,
          "time_to_first_pcm_ms": 203.3208440116141,
          "total_wall_ms": 19088.05806702003,
          "pcm_bytes": 1773568,
          "audio_duration_ms": 20108.480725623584,
          "error": "",
          "pcm_path": "/mnt/user/appdata/hermes-agent/webui-workspace/wyoming-s2cpp-tts/verification_artifacts/q4_runtime_tuning/20260710_064041/threads_8/quant_q4km_run1/quant_q4km_run1.pcm",
          "backend_metrics": null
        },
        {
          "run": 2,
          "run_type": "measured",
          "status": "success",
          "rtf": 0.9523410610855852,
          "time_to_headers_ms": 0.7709859928581864,
          "time_to_first_pcm_ms": 212.93302098638378,
          "total_wall_ms": 19946.211255999515,
          "pcm_bytes": 1847296,
          "audio_duration_ms": 20944.39909297052,
          "error": "",
          "pcm_path": "/mnt/user/appdata/hermes-agent/webui-workspace/wyoming-s2cpp-tts/verification_artifacts/q4_runtime_tuning/20260710_064041/threads_8/quant_q4km_run2/quant_q4km_run2.pcm",
          "backend_metrics": null
        },
        {
          "run": 3,
          "run_type": "measured",
          "status": "success",
          "rtf": 0.9618178633857666,
          "time_to_headers_ms": 1.1364190140739083,
          "time_to_first_pcm_ms": 206.45744798821397,
          "total_wall_ms": 22869.367979990784,
          "pcm_bytes": 2097152,
          "audio_duration_ms": 23777.233560090703,
          "error": "",
          "pcm_path": "/mnt/user/appdata/hermes-agent/webui-workspace/wyoming-s2cpp-tts/verification_artifacts/q4_runtime_tuning/20260710_064041/threads_8/quant_q4km_run3/quant_q4km_run3.pcm",
          "backend_metrics": null
        }
      ]
    }
  ]
}