{
  "endpoint": "127.0.0.1:3034",
  "text_len": 28,
  "stride": 4,
  "codec_context": 4,
  "holdback": 0,
  "start_buffer_ms": 0,
  "low_latency": true,
  "sample_rate_hz": 44100,
  "warmup_runs": 0,
  "measured_runs": 1,
  "candidate_models": [
    {
      "filename": "s2-pro-q4_k_m.gguf",
      "quant_label": "Q4_K_M",
      "sha256": "83963e1b7cec980b41eb2163d617e2b6241bfd1564dd880e5b43fc4834807bd9",
      "size_bytes": 3566165088,
      "exists": true
    }
  ],
  "summaries": [
    {
      "quant": "Q4_K_M",
      "model_filename": "s2-pro-q4_k_m.gguf",
      "model_sha256": "83963e1b7cec980b41eb2163d617e2b6241bfd1564dd880e5b43fc4834807bd9",
      "model_size_bytes": 3566165088,
      "avg_rtf": 1.1218075551752804,
      "min_rtf": 1.1218075551752804,
      "max_rtf": 1.1218075551752804,
      "avg_first_pcm_ms": 364.7580409888178,
      "avg_total_ms": 3282.0883899985347,
      "runs": [
        {
          "run": 1,
          "run_type": "measured",
          "status": "success",
          "rtf": 1.1218075551752804,
          "time_to_headers_ms": 3.5836400056723505,
          "time_to_first_pcm_ms": 364.7580409888178,
          "total_wall_ms": 3282.0883899985347,
          "pcm_bytes": 258048,
          "audio_duration_ms": 2925.714285714286,
          "error": "",
          "pcm_path": "/mnt/user/appdata/hermes-agent/webui-workspace/wyoming-s2cpp-tts/verification_artifacts/q4_runtime_tuning/20260710_063954/smoke_test/quant_q4km_run1/quant_q4km_run1.pcm",
          "backend_metrics": null
        }
      ]
    }
  ]
}