{
  "endpoint": "127.0.0.1:3034",
  "text_len": 361,
  "stride": 4,
  "codec_context": 48,
  "holdback": 0,
  "start_buffer_ms": 0,
  "low_latency": true,
  "sample_rate_hz": 44100,
  "warmup_runs": 1,
  "measured_runs": 1,
  "candidate_models": [
    {
      "filename": "s2-pro-q4_k_m.gguf",
      "quant_label": "Q4_K_M",
      "sha256": "83963e1b7cec980b41eb2163d617e2b6241bfd1564dd880e5b43fc4834807bd9",
      "size_bytes": 3566165088,
      "exists": true
    }
  ],
  "summaries": [
    {
      "quant": "Q4_K_M",
      "model_filename": "s2-pro-q4_k_m.gguf",
      "model_sha256": "83963e1b7cec980b41eb2163d617e2b6241bfd1564dd880e5b43fc4834807bd9",
      "model_size_bytes": 3566165088,
      "avg_rtf": 1.5726742640036848,
      "min_rtf": 1.5726742640036848,
      "max_rtf": 1.5726742640036848,
      "avg_first_pcm_ms": 238.75734099419788,
      "avg_total_ms": 35641.006884980015,
      "runs": [
        {
          "run": 1,
          "run_type": "measured",
          "status": "success",
          "rtf": 1.5726742640036848,
          "time_to_headers_ms": 1.5490249788854271,
          "time_to_first_pcm_ms": 238.75734099419788,
          "total_wall_ms": 35641.006884980015,
          "pcm_bytes": 1998848,
          "audio_duration_ms": 22662.67573696145,
          "error": "",
          "pcm_path": "verification_artifacts/q4_runtime_tuning/20260710_074118/context_48/quant_q4km_run1/quant_q4km_run1.pcm",
          "backend_metrics": null
        }
      ]
    }
  ]
}