{
  "endpoint": "127.0.0.1:3034",
  "text_len": 361,
  "stride": 4,
  "codec_context": 4,
  "holdback": 0,
  "start_buffer_ms": 0,
  "low_latency": true,
  "sample_rate_hz": 44100,
  "warmup_runs": 1,
  "measured_runs": 3,
  "candidate_models": [
    {
      "filename": "s2-pro-q4_k_m.gguf",
      "quant_label": "Q4_K_M",
      "sha256": "83963e1b7cec980b41eb2163d617e2b6241bfd1564dd880e5b43fc4834807bd9",
      "size_bytes": 3566165088,
      "exists": true
    }
  ],
  "summaries": [
    {
      "quant": "Q4_K_M",
      "model_filename": "s2-pro-q4_k_m.gguf",
      "model_sha256": "83963e1b7cec980b41eb2163d617e2b6241bfd1564dd880e5b43fc4834807bd9",
      "model_size_bytes": 3566165088,
      "avg_rtf": 0.9681678077260107,
      "min_rtf": 0.9596651536361265,
      "max_rtf": 0.9739363453633225,
      "avg_first_pcm_ms": 215.57609799977703,
      "avg_total_ms": 20504.141448667116,
      "runs": [
        {
          "run": 1,
          "run_type": "measured",
          "status": "success",
          "rtf": 0.9596651536361265,
          "time_to_headers_ms": 1.681697991443798,
          "time_to_first_pcm_ms": 207.78283599065617,
          "total_wall_ms": 20010.476447991095,
          "pcm_bytes": 1839104,
          "audio_duration_ms": 20851.519274376416,
          "error": "",
          "pcm_path": "/mnt/user/appdata/hermes-agent/webui-workspace/wyoming-s2cpp-tts/verification_artifacts/q4_runtime_tuning/20260710_064041/threads_16/quant_q4km_run1/quant_q4km_run1.pcm",
          "backend_metrics": null
        },
        {
          "run": 2,
          "run_type": "measured",
          "status": "success",
          "rtf": 0.9709019241785833,
          "time_to_headers_ms": 1.3311250077094883,
          "time_to_first_pcm_ms": 232.46152701904066,
          "total_wall_ms": 20470.223172014812,
          "pcm_bytes": 1859584,
          "audio_duration_ms": 21083.718820861675,
          "error": "",
          "pcm_path": "/mnt/user/appdata/hermes-agent/webui-workspace/wyoming-s2cpp-tts/verification_artifacts/q4_runtime_tuning/20260710_064041/threads_16/quant_q4km_run2/quant_q4km_run2.pcm",
          "backend_metrics": null
        },
        {
          "run": 3,
          "run_type": "measured",
          "status": "success",
          "rtf": 0.9739363453633225,
          "time_to_headers_ms": 1.2210849963594228,
          "time_to_first_pcm_ms": 206.48393098963425,
          "total_wall_ms": 21031.724725995446,
          "pcm_bytes": 1904640,
          "audio_duration_ms": 21594.55782312925,
          "error": "",
          "pcm_path": "/mnt/user/appdata/hermes-agent/webui-workspace/wyoming-s2cpp-tts/verification_artifacts/q4_runtime_tuning/20260710_064041/threads_16/quant_q4km_run3/quant_q4km_run3.pcm",
          "backend_metrics": null
        }
      ]
    }
  ]
}