{
  "endpoint": "127.0.0.1:3034",
  "text_len": 361,
  "stride": 4,
  "codec_context": 64,
  "holdback": 1,
  "start_buffer_ms": 0,
  "low_latency": true,
  "sample_rate_hz": 44100,
  "warmup_runs": 1,
  "measured_runs": 3,
  "candidate_models": [
    {
      "filename": "s2-pro-q4_k_m.gguf",
      "quant_label": "Q4_K_M",
      "sha256": "83963e1b7cec980b41eb2163d617e2b6241bfd1564dd880e5b43fc4834807bd9",
      "size_bytes": 3566165088,
      "exists": true
    }
  ],
  "summaries": [
    {
      "quant": "Q4_K_M",
      "model_filename": "s2-pro-q4_k_m.gguf",
      "model_sha256": "83963e1b7cec980b41eb2163d617e2b6241bfd1564dd880e5b43fc4834807bd9",
      "model_size_bytes": 3566165088,
      "avg_rtf": 1.7280357500207657,
      "min_rtf": 1.7241349474912004,
      "max_rtf": 1.733118066813827,
      "avg_first_pcm_ms": 210.23873298933418,
      "avg_total_ms": 36273.40126867057,
      "runs": [
        {
          "run": 1,
          "run_type": "measured",
          "status": "success",
          "rtf": 1.7268542357572694,
          "time_to_headers_ms": 1.2538089940790087,
          "time_to_first_pcm_ms": 210.9061399823986,
          "total_wall_ms": 35045.194931997685,
          "pcm_bytes": 1789952,
          "audio_duration_ms": 20294.24036281179,
          "error": "",
          "pcm_path": "/mnt/user/appdata/hermes-agent/webui-workspace/wyoming-s2cpp-tts/verification_artifacts/q4_runtime_tuning/20260710_065510/blip_ctx64_hb1/quant_q4km_run1/quant_q4km_run1.pcm",
          "backend_metrics": null
        },
        {
          "run": 2,
          "run_type": "measured",
          "status": "success",
          "rtf": 1.733118066813827,
          "time_to_headers_ms": 1.0781720047816634,
          "time_to_first_pcm_ms": 207.38241999060847,
          "total_wall_ms": 37023.48907900159,
          "pcm_bytes": 1884160,
          "audio_duration_ms": 21362.35827664399,
          "error": "",
          "pcm_path": "/mnt/user/appdata/hermes-agent/webui-workspace/wyoming-s2cpp-tts/verification_artifacts/q4_runtime_tuning/20260710_065510/blip_ctx64_hb1/quant_q4km_run2/quant_q4km_run2.pcm",
          "backend_metrics": null
        },
        {
          "run": 3,
          "run_type": "measured",
          "status": "success",
          "rtf": 1.7241349474912004,
          "time_to_headers_ms": 1.3026380038354546,
          "time_to_first_pcm_ms": 212.4276389949955,
          "total_wall_ms": 36751.51979501243,
          "pcm_bytes": 1880064,
          "audio_duration_ms": 21315.918367346938,
          "error": "",
          "pcm_path": "/mnt/user/appdata/hermes-agent/webui-workspace/wyoming-s2cpp-tts/verification_artifacts/q4_runtime_tuning/20260710_065510/blip_ctx64_hb1/quant_q4km_run3/quant_q4km_run3.pcm",
          "backend_metrics": null
        }
      ]
    }
  ]
}